{
    "particles":{
        "number":{
            "value":80,
            "density": {
                "enable": true,
                "value_area": 800
              }
        },
        "color":{
            "value": "#ffffff"
            
        },
        "shape":{
            "type":"circle",
            "stroke":{
                "width":0,
                "color":"#000000"
            }
        },
        "polygon":{
            "nb_sides":5
        },
        "opacity":{ 
            "value":0.5,
            "random":false,
            "anim":{
                "enable":false,
                "sync": false

            }
        },
        "size":{
            "value":7,
            "random":true,
            "anim":{
                "enable":false,
                "speed":40,
                "size_min":0.1,
                "sync":false
            }
        },
        "line_linked":{
            "enable":false,
            "opacity":0
        },
        "move":{
            "enable":true,
            "speed":7,
            "direction":"top"
        },
        "onclick":{
            "enable":false,
            "mode":"push"
        }

    }
}